[
    {
        "model": "admin.logentry",
        "pk": 1,
        "fields": {
            "action_time": "2021-09-29T23:03:13.488Z",
            "user": 1,
            "content_type": 4,
            "object_id": "2",
            "object_repr": "johndoe",
            "action_flag": 1,
            "change_message": "[{\"added\": {}}]"
        }
    },
    {
        "model": "admin.logentry",
        "pk": 2,
        "fields": {
            "action_time": "2021-09-29T23:04:18.038Z",
            "user": 1,
            "content_type": 4,
            "object_id": "2",
            "object_repr": "johndoe",
            "action_flag": 2,
            "change_message": "[{\"changed\": {\"fields\": [\"First name\", \"Last name\", \"Email address\"]}}]"
        }
    },
    {
        "model": "admin.logentry",
        "pk": 3,
        "fields": {
            "action_time": "2021-09-29T23:06:33.769Z",
            "user": 1,
            "content_type": 7,
            "object_id": "1",
            "object_repr": "Bon Jovi - Livin' On A Prayer",
            "action_flag": 1,
            "change_message": "[{\"added\": {}}]"
        }
    },
    {
        "model": "admin.logentry",
        "pk": 4,
        "fields": {
            "action_time": "2021-09-29T23:07:20.943Z",
            "user": 1,
            "content_type": 7,
            "object_id": "2",
            "object_repr": "Nirvana - Smells Like Teen Spirit",
            "action_flag": 1,
            "change_message": "[{\"added\": {}}]"
        }
    },
    {
        "model": "admin.logentry",
        "pk": 5,
        "fields": {
            "action_time": "2021-09-29T23:08:04.056Z",
            "user": 1,
            "content_type": 7,
            "object_id": "3",
            "object_repr": "Guns N' Roses - Sweet Child O' Mine",
            "action_flag": 1,
            "change_message": "[{\"added\": {}}]"
        }
    },
    {
        "model": "admin.logentry",
        "pk": 6,
        "fields": {
            "action_time": "2021-09-29T23:09:25.585Z",
            "user": 1,
            "content_type": 9,
            "object_id": "1",
            "object_repr": "1 - None - Rock",
            "action_flag": 1,
            "change_message": "[{\"added\": {}}]"
        }
    },
    {
        "model": "admin.logentry",
        "pk": 7,
        "fields": {
            "action_time": "2021-09-29T23:10:06.411Z",
            "user": 1,
            "content_type": 9,
            "object_id": "1",
            "object_repr": "1 - None - Rock 1",
            "action_flag": 2,
            "change_message": "[{\"changed\": {\"fields\": [\"Nombre\"]}}]"
        }
    },
    {
        "model": "admin.logentry",
        "pk": 8,
        "fields": {
            "action_time": "2021-09-29T23:11:38.935Z",
            "user": 1,
            "content_type": 7,
            "object_id": "4",
            "object_repr": "Soundgarden - Black Hole Sun",
            "action_flag": 1,
            "change_message": "[{\"added\": {}}]"
        }
    },
    {
        "model": "admin.logentry",
        "pk": 9,
        "fields": {
            "action_time": "2021-09-29T23:12:34.672Z",
            "user": 1,
            "content_type": 7,
            "object_id": "5",
            "object_repr": "Dire Straits - Sultans Of Swing",
            "action_flag": 1,
            "change_message": "[{\"added\": {}}]"
        }
    },
    {
        "model": "admin.logentry",
        "pk": 10,
        "fields": {
            "action_time": "2021-09-29T23:13:28.649Z",
            "user": 1,
            "content_type": 7,
            "object_id": "6",
            "object_repr": "Guns N' Roses - November Rain",
            "action_flag": 1,
            "change_message": "[{\"added\": {}}]"
        }
    },
    {
        "model": "admin.logentry",
        "pk": 11,
        "fields": {
            "action_time": "2021-09-29T23:13:52.541Z",
            "user": 1,
            "content_type": 9,
            "object_id": "2",
            "object_repr": "2 - None - Rock II",
            "action_flag": 1,
            "change_message": "[{\"added\": {}}]"
        }
    },
    {
        "model": "admin.logentry",
        "pk": 12,
        "fields": {
            "action_time": "2021-09-29T23:14:00.062Z",
            "user": 1,
            "content_type": 9,
            "object_id": "1",
            "object_repr": "1 - None - Rock I",
            "action_flag": 2,
            "change_message": "[{\"changed\": {\"fields\": [\"Nombre\"]}}]"
        }
    },
    {
        "model": "admin.logentry",
        "pk": 13,
        "fields": {
            "action_time": "2021-09-29T23:15:08.079Z",
            "user": 1,
            "content_type": 12,
            "object_id": "1",
            "object_repr": "1 - Rock",
            "action_flag": 1,
            "change_message": "[{\"added\": {}}]"
        }
    },
    {
        "model": "admin.logentry",
        "pk": 14,
        "fields": {
            "action_time": "2021-10-01T16:38:03.522Z",
            "user": 1,
            "content_type": 9,
            "object_id": "2",
            "object_repr": "2 - None - Rock II",
            "action_flag": 3,
            "change_message": ""
        }
    },
    {
        "model": "admin.logentry",
        "pk": 15,
        "fields": {
            "action_time": "2021-10-01T16:38:04.013Z",
            "user": 1,
            "content_type": 9,
            "object_id": "1",
            "object_repr": "1 - None - Rock I",
            "action_flag": 3,
            "change_message": ""
        }
    },
    {
        "model": "admin.logentry",
        "pk": 16,
        "fields": {
            "action_time": "2021-10-01T16:44:38.344Z",
            "user": 1,
            "content_type": 7,
            "object_id": "7",
            "object_repr": "Bon Jovi - It's My Life",
            "action_flag": 1,
            "change_message": "[{\"added\": {}}]"
        }
    },
    {
        "model": "admin.logentry",
        "pk": 17,
        "fields": {
            "action_time": "2021-10-01T16:45:40.069Z",
            "user": 1,
            "content_type": 7,
            "object_id": "8",
            "object_repr": "Bon Jovi - Always",
            "action_flag": 1,
            "change_message": "[{\"added\": {}}]"
        }
    },
    {
        "model": "admin.logentry",
        "pk": 18,
        "fields": {
            "action_time": "2021-10-01T16:46:28.360Z",
            "user": 1,
            "content_type": 7,
            "object_id": "9",
            "object_repr": "Bon Jovi - You Give Love A Bad Name",
            "action_flag": 1,
            "change_message": "[{\"added\": {}}]"
        }
    },
    {
        "model": "admin.logentry",
        "pk": 19,
        "fields": {
            "action_time": "2021-10-01T16:47:24.625Z",
            "user": 1,
            "content_type": 7,
            "object_id": "10",
            "object_repr": "Bon Jovi - Bed Of Roses",
            "action_flag": 1,
            "change_message": "[{\"added\": {}}]"
        }
    },
    {
        "model": "admin.logentry",
        "pk": 20,
        "fields": {
            "action_time": "2021-10-01T16:48:12.980Z",
            "user": 1,
            "content_type": 7,
            "object_id": "11",
            "object_repr": "Bon Jovi - I'll Be There For You",
            "action_flag": 1,
            "change_message": "[{\"added\": {}}]"
        }
    },
    {
        "model": "admin.logentry",
        "pk": 21,
        "fields": {
            "action_time": "2021-10-01T16:49:10.853Z",
            "user": 1,
            "content_type": 7,
            "object_id": "12",
            "object_repr": "Bon Jovi - Wanted Dead Or Alive",
            "action_flag": 1,
            "change_message": "[{\"added\": {}}]"
        }
    },
    {
        "model": "admin.logentry",
        "pk": 22,
        "fields": {
            "action_time": "2021-10-01T16:52:20.077Z",
            "user": 1,
            "content_type": 9,
            "object_id": "3",
            "object_repr": "3 - None - Bon Jovi",
            "action_flag": 1,
            "change_message": "[{\"added\": {}}]"
        }
    },
    {
        "model": "admin.logentry",
        "pk": 23,
        "fields": {
            "action_time": "2021-10-01T16:55:15.644Z",
            "user": 1,
            "content_type": 7,
            "object_id": "13",
            "object_repr": "Red Hot Chili Peppers - Under The Bridge",
            "action_flag": 1,
            "change_message": "[{\"added\": {}}]"
        }
    },
    {
        "model": "admin.logentry",
        "pk": 24,
        "fields": {
            "action_time": "2021-10-01T16:56:08.277Z",
            "user": 1,
            "content_type": 7,
            "object_id": "14",
            "object_repr": "Red Hot Chili Peppers - Californication",
            "action_flag": 1,
            "change_message": "[{\"added\": {}}]"
        }
    },
    {
        "model": "admin.logentry",
        "pk": 25,
        "fields": {
            "action_time": "2021-10-01T16:57:05.833Z",
            "user": 1,
            "content_type": 7,
            "object_id": "15",
            "object_repr": "Red Hot Chili Peppers - Don't Forget Me",
            "action_flag": 1,
            "change_message": "[{\"added\": {}}]"
        }
    },
    {
        "model": "admin.logentry",
        "pk": 26,
        "fields": {
            "action_time": "2021-10-01T16:58:06.585Z",
            "user": 1,
            "content_type": 7,
            "object_id": "16",
            "object_repr": "Red Hot Chili Peppers - Snow",
            "action_flag": 1,
            "change_message": "[{\"added\": {}}]"
        }
    },
    {
        "model": "admin.logentry",
        "pk": 27,
        "fields": {
            "action_time": "2021-10-01T16:59:15.886Z",
            "user": 1,
            "content_type": 7,
            "object_id": "17",
            "object_repr": "Red Hot Chili Peppers - The Adventures of Rain Dance Maggie",
            "action_flag": 1,
            "change_message": "[{\"added\": {}}]"
        }
    },
    {
        "model": "admin.logentry",
        "pk": 28,
        "fields": {
            "action_time": "2021-10-01T17:00:09.193Z",
            "user": 1,
            "content_type": 7,
            "object_id": "18",
            "object_repr": "Red Hot Chili Peppers - Dark Necessities",
            "action_flag": 1,
            "change_message": "[{\"added\": {}}]"
        }
    },
    {
        "model": "admin.logentry",
        "pk": 29,
        "fields": {
            "action_time": "2021-10-01T17:00:52.359Z",
            "user": 1,
            "content_type": 7,
            "object_id": "19",
            "object_repr": "Red Hot Chili Peppers - Go Robot",
            "action_flag": 1,
            "change_message": "[{\"added\": {}}]"
        }
    },
    {
        "model": "admin.logentry",
        "pk": 30,
        "fields": {
            "action_time": "2021-10-01T17:01:18.603Z",
            "user": 1,
            "content_type": 9,
            "object_id": "4",
            "object_repr": "4 - None - Red Hot Chili Peppers",
            "action_flag": 1,
            "change_message": "[{\"added\": {}}]"
        }
    },
    {
        "model": "admin.logentry",
        "pk": 31,
        "fields": {
            "action_time": "2021-10-01T17:03:14.052Z",
            "user": 1,
            "content_type": 7,
            "object_id": "20",
            "object_repr": "Aerosmith - I Don't Want to Miss a Thing",
            "action_flag": 1,
            "change_message": "[{\"added\": {}}]"
        }
    },
    {
        "model": "admin.logentry",
        "pk": 32,
        "fields": {
            "action_time": "2021-10-01T17:04:05.987Z",
            "user": 1,
            "content_type": 7,
            "object_id": "21",
            "object_repr": "Aerosmith - Dream On",
            "action_flag": 1,
            "change_message": "[{\"added\": {}}]"
        }
    },
    {
        "model": "admin.logentry",
        "pk": 33,
        "fields": {
            "action_time": "2021-10-01T17:04:48.473Z",
            "user": 1,
            "content_type": 7,
            "object_id": "22",
            "object_repr": "Aerosmith - Crazy",
            "action_flag": 1,
            "change_message": "[{\"added\": {}}]"
        }
    },
    {
        "model": "admin.logentry",
        "pk": 34,
        "fields": {
            "action_time": "2021-10-01T17:05:53.762Z",
            "user": 1,
            "content_type": 7,
            "object_id": "23",
            "object_repr": "Aerosmith - Hole In My Soul",
            "action_flag": 1,
            "change_message": "[{\"added\": {}}]"
        }
    },
    {
        "model": "admin.logentry",
        "pk": 35,
        "fields": {
            "action_time": "2021-10-01T17:06:50.089Z",
            "user": 1,
            "content_type": 7,
            "object_id": "24",
            "object_repr": "Aerosmith - Sweet Emotion",
            "action_flag": 1,
            "change_message": "[{\"added\": {}}]"
        }
    },
    {
        "model": "admin.logentry",
        "pk": 36,
        "fields": {
            "action_time": "2021-10-01T17:07:30.041Z",
            "user": 1,
            "content_type": 7,
            "object_id": "25",
            "object_repr": "Aerosmith - Fly Away From Here",
            "action_flag": 1,
            "change_message": "[{\"added\": {}}]"
        }
    },
    {
        "model": "admin.logentry",
        "pk": 37,
        "fields": {
            "action_time": "2021-10-01T17:08:13.101Z",
            "user": 1,
            "content_type": 7,
            "object_id": "26",
            "object_repr": "Aerosmith - Angel",
            "action_flag": 1,
            "change_message": "[{\"added\": {}}]"
        }
    },
    {
        "model": "admin.logentry",
        "pk": 38,
        "fields": {
            "action_time": "2021-10-01T17:08:32.175Z",
            "user": 1,
            "content_type": 9,
            "object_id": "5",
            "object_repr": "5 - None - Aerosmith",
            "action_flag": 1,
            "change_message": "[{\"added\": {}}]"
        }
    },
    {
        "model": "admin.logentry",
        "pk": 39,
        "fields": {
            "action_time": "2021-10-01T17:09:54.309Z",
            "user": 1,
            "content_type": 7,
            "object_id": "27",
            "object_repr": "AC/DC - Thunderstruck",
            "action_flag": 1,
            "change_message": "[{\"added\": {}}]"
        }
    },
    {
        "model": "admin.logentry",
        "pk": 40,
        "fields": {
            "action_time": "2021-10-01T17:10:55.075Z",
            "user": 1,
            "content_type": 7,
            "object_id": "28",
            "object_repr": "AC/DC - Shoot To Thrill",
            "action_flag": 1,
            "change_message": "[{\"added\": {}}]"
        }
    },
    {
        "model": "admin.logentry",
        "pk": 41,
        "fields": {
            "action_time": "2021-10-01T17:11:29.178Z",
            "user": 1,
            "content_type": 7,
            "object_id": "29",
            "object_repr": "AC/DC - Big Gun",
            "action_flag": 1,
            "change_message": "[{\"added\": {}}]"
        }
    },
    {
        "model": "admin.logentry",
        "pk": 42,
        "fields": {
            "action_time": "2021-10-01T17:12:13.855Z",
            "user": 1,
            "content_type": 7,
            "object_id": "30",
            "object_repr": "AC/DC - Fire Your Guns",
            "action_flag": 1,
            "change_message": "[{\"added\": {}}]"
        }
    },
    {
        "model": "admin.logentry",
        "pk": 43,
        "fields": {
            "action_time": "2021-10-01T17:12:57.343Z",
            "user": 1,
            "content_type": 7,
            "object_id": "31",
            "object_repr": "AC/DC - You Shook Me All Night Long",
            "action_flag": 1,
            "change_message": "[{\"added\": {}}]"
        }
    },
    {
        "model": "admin.logentry",
        "pk": 44,
        "fields": {
            "action_time": "2021-10-01T17:13:44.368Z",
            "user": 1,
            "content_type": 7,
            "object_id": "32",
            "object_repr": "AC/DC - Heatseeker",
            "action_flag": 1,
            "change_message": "[{\"added\": {}}]"
        }
    },
    {
        "model": "admin.logentry",
        "pk": 45,
        "fields": {
            "action_time": "2021-10-01T17:14:40.646Z",
            "user": 1,
            "content_type": 7,
            "object_id": "33",
            "object_repr": "AC/DC - Highway to Hell",
            "action_flag": 1,
            "change_message": "[{\"added\": {}}]"
        }
    },
    {
        "model": "admin.logentry",
        "pk": 46,
        "fields": {
            "action_time": "2021-10-01T17:14:55.467Z",
            "user": 1,
            "content_type": 9,
            "object_id": "6",
            "object_repr": "6 - None - AC/DC",
            "action_flag": 1,
            "change_message": "[{\"added\": {}}]"
        }
    },
    {
        "model": "admin.logentry",
        "pk": 47,
        "fields": {
            "action_time": "2021-10-01T17:17:22.342Z",
            "user": 1,
            "content_type": 7,
            "object_id": "34",
            "object_repr": "Guns N' Roses - Welcome To The Jungle",
            "action_flag": 1,
            "change_message": "[{\"added\": {}}]"
        }
    },
    {
        "model": "admin.logentry",
        "pk": 48,
        "fields": {
            "action_time": "2021-10-01T17:17:54.985Z",
            "user": 1,
            "content_type": 7,
            "object_id": "35",
            "object_repr": "Guns N' Roses - Paradise City",
            "action_flag": 1,
            "change_message": "[{\"added\": {}}]"
        }
    },
    {
        "model": "admin.logentry",
        "pk": 49,
        "fields": {
            "action_time": "2021-10-01T17:18:53.288Z",
            "user": 1,
            "content_type": 7,
            "object_id": "36",
            "object_repr": "Guns N' Roses - Don't Cry",
            "action_flag": 1,
            "change_message": "[{\"added\": {}}]"
        }
    },
    {
        "model": "admin.logentry",
        "pk": 50,
        "fields": {
            "action_time": "2021-10-01T17:19:47.419Z",
            "user": 1,
            "content_type": 7,
            "object_id": "37",
            "object_repr": "Guns N' Roses - Knockin' On Heaven's Door",
            "action_flag": 1,
            "change_message": "[{\"added\": {}}]"
        }
    },
    {
        "model": "admin.logentry",
        "pk": 51,
        "fields": {
            "action_time": "2021-10-01T17:20:45.384Z",
            "user": 1,
            "content_type": 7,
            "object_id": "38",
            "object_repr": "Guns N' Roses - You Could Be Mine",
            "action_flag": 1,
            "change_message": "[{\"added\": {}}]"
        }
    },
    {
        "model": "admin.logentry",
        "pk": 52,
        "fields": {
            "action_time": "2021-10-01T17:21:07.080Z",
            "user": 1,
            "content_type": 9,
            "object_id": "7",
            "object_repr": "7 - None - Guns N' Roses",
            "action_flag": 1,
            "change_message": "[{\"added\": {}}]"
        }
    },
    {
        "model": "admin.logentry",
        "pk": 53,
        "fields": {
            "action_time": "2021-10-01T17:21:17.727Z",
            "user": 1,
            "content_type": 12,
            "object_id": "1",
            "object_repr": "1 - Rock",
            "action_flag": 2,
            "change_message": "[{\"changed\": {\"fields\": [\"Listas\"]}}]"
        }
    },
    {
        "model": "admin.logentry",
        "pk": 54,
        "fields": {
            "action_time": "2021-10-01T17:22:52.523Z",
            "user": 1,
            "content_type": 9,
            "object_id": "7",
            "object_repr": "7 - None - Guns N' Roses",
            "action_flag": 2,
            "change_message": "[{\"changed\": {\"fields\": [\"Canciones\"]}}]"
        }
    },
    {
        "model": "admin.logentry",
        "pk": 55,
        "fields": {
            "action_time": "2021-12-14T15:27:05.377Z",
            "user": 1,
            "content_type": 4,
            "object_id": "1",
            "object_repr": "admin",
            "action_flag": 2,
            "change_message": "[{\"changed\": {\"fields\": [\"password\"]}}]"
        }
    },
    {
        "model": "admin.logentry",
        "pk": 56,
        "fields": {
            "action_time": "2021-12-14T15:29:52.944Z",
            "user": 1,
            "content_type": 4,
            "object_id": "1",
            "object_repr": "admin",
            "action_flag": 2,
            "change_message": "[{\"changed\": {\"fields\": [\"password\"]}}]"
        }
    },
    {
        "model": "auth.permission",
        "pk": 1,
        "fields": {
            "name": "Can add log entry",
            "content_type": 1,
            "codename": "add_logentry"
        }
    },
    {
        "model": "auth.permission",
        "pk": 2,
        "fields": {
            "name": "Can change log entry",
            "content_type": 1,
            "codename": "change_logentry"
        }
    },
    {
        "model": "auth.permission",
        "pk": 3,
        "fields": {
            "name": "Can delete log entry",
            "content_type": 1,
            "codename": "delete_logentry"
        }
    },
    {
        "model": "auth.permission",
        "pk": 4,
        "fields": {
            "name": "Can view log entry",
            "content_type": 1,
            "codename": "view_logentry"
        }
    },
    {
        "model": "auth.permission",
        "pk": 5,
        "fields": {
            "name": "Can add permission",
            "content_type": 2,
            "codename": "add_permission"
        }
    },
    {
        "model": "auth.permission",
        "pk": 6,
        "fields": {
            "name": "Can change permission",
            "content_type": 2,
            "codename": "change_permission"
        }
    },
    {
        "model": "auth.permission",
        "pk": 7,
        "fields": {
            "name": "Can delete permission",
            "content_type": 2,
            "codename": "delete_permission"
        }
    },
    {
        "model": "auth.permission",
        "pk": 8,
        "fields": {
            "name": "Can view permission",
            "content_type": 2,
            "codename": "view_permission"
        }
    },
    {
        "model": "auth.permission",
        "pk": 9,
        "fields": {
            "name": "Can add group",
            "content_type": 3,
            "codename": "add_group"
        }
    },
    {
        "model": "auth.permission",
        "pk": 10,
        "fields": {
            "name": "Can change group",
            "content_type": 3,
            "codename": "change_group"
        }
    },
    {
        "model": "auth.permission",
        "pk": 11,
        "fields": {
            "name": "Can delete group",
            "content_type": 3,
            "codename": "delete_group"
        }
    },
    {
        "model": "auth.permission",
        "pk": 12,
        "fields": {
            "name": "Can view group",
            "content_type": 3,
            "codename": "view_group"
        }
    },
    {
        "model": "auth.permission",
        "pk": 13,
        "fields": {
            "name": "Can add user",
            "content_type": 4,
            "codename": "add_user"
        }
    },
    {
        "model": "auth.permission",
        "pk": 14,
        "fields": {
            "name": "Can change user",
            "content_type": 4,
            "codename": "change_user"
        }
    },
    {
        "model": "auth.permission",
        "pk": 15,
        "fields": {
            "name": "Can delete user",
            "content_type": 4,
            "codename": "delete_user"
        }
    },
    {
        "model": "auth.permission",
        "pk": 16,
        "fields": {
            "name": "Can view user",
            "content_type": 4,
            "codename": "view_user"
        }
    },
    {
        "model": "auth.permission",
        "pk": 17,
        "fields": {
            "name": "Can add content type",
            "content_type": 5,
            "codename": "add_contenttype"
        }
    },
    {
        "model": "auth.permission",
        "pk": 18,
        "fields": {
            "name": "Can change content type",
            "content_type": 5,
            "codename": "change_contenttype"
        }
    },
    {
        "model": "auth.permission",
        "pk": 19,
        "fields": {
            "name": "Can delete content type",
            "content_type": 5,
            "codename": "delete_contenttype"
        }
    },
    {
        "model": "auth.permission",
        "pk": 20,
        "fields": {
            "name": "Can view content type",
            "content_type": 5,
            "codename": "view_contenttype"
        }
    },
    {
        "model": "auth.permission",
        "pk": 21,
        "fields": {
            "name": "Can add session",
            "content_type": 6,
            "codename": "add_session"
        }
    },
    {
        "model": "auth.permission",
        "pk": 22,
        "fields": {
            "name": "Can change session",
            "content_type": 6,
            "codename": "change_session"
        }
    },
    {
        "model": "auth.permission",
        "pk": 23,
        "fields": {
            "name": "Can delete session",
            "content_type": 6,
            "codename": "delete_session"
        }
    },
    {
        "model": "auth.permission",
        "pk": 24,
        "fields": {
            "name": "Can view session",
            "content_type": 6,
            "codename": "view_session"
        }
    },
    {
        "model": "auth.permission",
        "pk": 25,
        "fields": {
            "name": "Can add cancion",
            "content_type": 7,
            "codename": "add_cancion"
        }
    },
    {
        "model": "auth.permission",
        "pk": 26,
        "fields": {
            "name": "Can change cancion",
            "content_type": 7,
            "codename": "change_cancion"
        }
    },
    {
        "model": "auth.permission",
        "pk": 27,
        "fields": {
            "name": "Can delete cancion",
            "content_type": 7,
            "codename": "delete_cancion"
        }
    },
    {
        "model": "auth.permission",
        "pk": 28,
        "fields": {
            "name": "Can view cancion",
            "content_type": 7,
            "codename": "view_cancion"
        }
    },
    {
        "model": "auth.permission",
        "pk": 29,
        "fields": {
            "name": "Can add curso",
            "content_type": 8,
            "codename": "add_curso"
        }
    },
    {
        "model": "auth.permission",
        "pk": 30,
        "fields": {
            "name": "Can change curso",
            "content_type": 8,
            "codename": "change_curso"
        }
    },
    {
        "model": "auth.permission",
        "pk": 31,
        "fields": {
            "name": "Can delete curso",
            "content_type": 8,
            "codename": "delete_curso"
        }
    },
    {
        "model": "auth.permission",
        "pk": 32,
        "fields": {
            "name": "Can view curso",
            "content_type": 8,
            "codename": "view_curso"
        }
    },
    {
        "model": "auth.permission",
        "pk": 33,
        "fields": {
            "name": "Can add lista",
            "content_type": 9,
            "codename": "add_lista"
        }
    },
    {
        "model": "auth.permission",
        "pk": 34,
        "fields": {
            "name": "Can change lista",
            "content_type": 9,
            "codename": "change_lista"
        }
    },
    {
        "model": "auth.permission",
        "pk": 35,
        "fields": {
            "name": "Can delete lista",
            "content_type": 9,
            "codename": "delete_lista"
        }
    },
    {
        "model": "auth.permission",
        "pk": 36,
        "fields": {
            "name": "Can view lista",
            "content_type": 9,
            "codename": "view_lista"
        }
    },
    {
        "model": "auth.permission",
        "pk": 37,
        "fields": {
            "name": "Can add play list",
            "content_type": 10,
            "codename": "add_playlist"
        }
    },
    {
        "model": "auth.permission",
        "pk": 38,
        "fields": {
            "name": "Can change play list",
            "content_type": 10,
            "codename": "change_playlist"
        }
    },
    {
        "model": "auth.permission",
        "pk": 39,
        "fields": {
            "name": "Can delete play list",
            "content_type": 10,
            "codename": "delete_playlist"
        }
    },
    {
        "model": "auth.permission",
        "pk": 40,
        "fields": {
            "name": "Can view play list",
            "content_type": 10,
            "codename": "view_playlist"
        }
    },
    {
        "model": "auth.permission",
        "pk": 41,
        "fields": {
            "name": "Can add usuario",
            "content_type": 11,
            "codename": "add_usuario"
        }
    },
    {
        "model": "auth.permission",
        "pk": 42,
        "fields": {
            "name": "Can change usuario",
            "content_type": 11,
            "codename": "change_usuario"
        }
    },
    {
        "model": "auth.permission",
        "pk": 43,
        "fields": {
            "name": "Can delete usuario",
            "content_type": 11,
            "codename": "delete_usuario"
        }
    },
    {
        "model": "auth.permission",
        "pk": 44,
        "fields": {
            "name": "Can view usuario",
            "content_type": 11,
            "codename": "view_usuario"
        }
    },
    {
        "model": "auth.permission",
        "pk": 45,
        "fields": {
            "name": "Can add rockola",
            "content_type": 12,
            "codename": "add_rockola"
        }
    },
    {
        "model": "auth.permission",
        "pk": 46,
        "fields": {
            "name": "Can change rockola",
            "content_type": 12,
            "codename": "change_rockola"
        }
    },
    {
        "model": "auth.permission",
        "pk": 47,
        "fields": {
            "name": "Can delete rockola",
            "content_type": 12,
            "codename": "delete_rockola"
        }
    },
    {
        "model": "auth.permission",
        "pk": 48,
        "fields": {
            "name": "Can view rockola",
            "content_type": 12,
            "codename": "view_rockola"
        }
    },
    {
        "model": "auth.user",
        "pk": 1,
        "fields": {
            "password": "pbkdf2_sha256$320000$PydRnfWarKnd9kZ6HwL29t$ffjB8FYRjWneNSYdsZp/OWGVrHQsAEAhpvMweCf/Pdg=",
            "last_login": "2021-12-14T15:30:18.831Z",
            "is_superuser": true,
            "username": "admin",
            "first_name": "",
            "last_name": "",
            "email": "miapenahu@unal.edu.co",
            "is_staff": true,
            "is_active": true,
            "date_joined": "2021-09-29T23:00:44.004Z",
            "groups": [],
            "user_permissions": []
        }
    },
    {
        "model": "auth.user",
        "pk": 2,
        "fields": {
            "password": "pbkdf2_sha256$216000$AUWeIyJPWPZq$dF/QYOWBPvm7RGyVTeAC1dbFXDLD+mtdZxnCQ+OBf3I=",
            "last_login": "2021-09-30T01:14:05.383Z",
            "is_superuser": false,
            "username": "johndoe",
            "first_name": "John",
            "last_name": "Doe",
            "email": "johndoe@example.com",
            "is_staff": false,
            "is_active": true,
            "date_joined": "2021-09-29T23:03:13Z",
            "groups": [],
            "user_permissions": []
        }
    },
    {
        "model": "auth.user",
        "pk": 3,
        "fields": {
            "password": "pbkdf2_sha256$216000$OuaTol8g6bcK$zvS6a07RNiTBebxz2DJ3qMVx3CPlh0HTcCPCZ+uWWyg=",
            "last_login": "2021-09-30T13:28:34.753Z",
            "is_superuser": false,
            "username": "mikewas",
            "first_name": "",
            "last_name": "",
            "email": "mikewas@gmail.com",
            "is_staff": false,
            "is_active": true,
            "date_joined": "2021-09-30T12:27:08.990Z",
            "groups": [],
            "user_permissions": []
        }
    },
    {
        "model": "auth.user",
        "pk": 4,
        "fields": {
            "password": "pbkdf2_sha256$216000$hav24sQ74G6g$qYP7BwbzbJulIoL76B+W39b330AZy70Nk6QxL2GL99k=",
            "last_login": null,
            "is_superuser": false,
            "username": "mikewas2",
            "first_name": "",
            "last_name": "",
            "email": "asdasd@asdasd.com",
            "is_staff": false,
            "is_active": true,
            "date_joined": "2021-09-30T12:36:35.499Z",
            "groups": [],
            "user_permissions": []
        }
    },
    {
        "model": "auth.user",
        "pk": 5,
        "fields": {
            "password": "pbkdf2_sha256$216000$A00ZUB1gOruI$1EYJONZrnPh7ZMvfekkWKKGLbqpEmADC1RREqbqb+rc=",
            "last_login": null,
            "is_superuser": false,
            "username": "testuser1",
            "first_name": "",
            "last_name": "",
            "email": "asdasd@asdasd.com",
            "is_staff": false,
            "is_active": true,
            "date_joined": "2021-09-30T12:38:12.308Z",
            "groups": [],
            "user_permissions": []
        }
    },
    {
        "model": "auth.user",
        "pk": 6,
        "fields": {
            "password": "pbkdf2_sha256$216000$cTsyR31ZlgY6$y3jM8exq7PxeLWgmSmnAh90Vk2V6kjbZSiNkDq2+s5U=",
            "last_login": null,
            "is_superuser": false,
            "username": "testuser2",
            "first_name": "",
            "last_name": "",
            "email": "asdasd@asdasd.com",
            "is_staff": false,
            "is_active": true,
            "date_joined": "2021-09-30T12:40:48.421Z",
            "groups": [],
            "user_permissions": []
        }
    },
    {
        "model": "auth.user",
        "pk": 7,
        "fields": {
            "password": "pbkdf2_sha256$216000$AJkxCnUsfLAb$3pWo22VBgTS0b2FdfG2IG75b9IhjZkAt7ozQTJDaxn8=",
            "last_login": null,
            "is_superuser": false,
            "username": "testuser3",
            "first_name": "",
            "last_name": "",
            "email": "mikewas@gmail.com",
            "is_staff": false,
            "is_active": true,
            "date_joined": "2021-09-30T12:41:35.248Z",
            "groups": [],
            "user_permissions": []
        }
    },
    {
        "model": "auth.user",
        "pk": 8,
        "fields": {
            "password": "pbkdf2_sha256$216000$ivAzybMGrwYv$PZlRsokdX+SGN5ndL+ZwZwOGy4nv6hcpdm2cvpKfhlc=",
            "last_login": null,
            "is_superuser": false,
            "username": "testuser4",
            "first_name": "",
            "last_name": "",
            "email": "asdasd@asdasd.com",
            "is_staff": false,
            "is_active": true,
            "date_joined": "2021-09-30T12:43:05.395Z",
            "groups": [],
            "user_permissions": []
        }
    },
    {
        "model": "auth.user",
        "pk": 9,
        "fields": {
            "password": "pbkdf2_sha256$216000$gnGd4ji8nzbb$PaFaJSzTvv+z3xfUeifupjx9zk6e9Zd+a/AHbUUdXEA=",
            "last_login": null,
            "is_superuser": false,
            "username": "testuser6",
            "first_name": "",
            "last_name": "",
            "email": "asdasd@asdasd.com",
            "is_staff": false,
            "is_active": true,
            "date_joined": "2021-09-30T13:16:30.094Z",
            "groups": [],
            "user_permissions": []
        }
    },
    {
        "model": "auth.user",
        "pk": 10,
        "fields": {
            "password": "pbkdf2_sha256$320000$ZqPLlRQtCgUGaUP3yqn0UA$CKkkcBbx6R7hsLGW3jDrJ7vRPRoNNFZ9LqsOtoYRG84=",
            "last_login": null,
            "is_superuser": false,
            "username": "bobross",
            "first_name": "",
            "last_name": "",
            "email": "bobross@example.com",
            "is_staff": false,
            "is_active": true,
            "date_joined": "2021-12-11T13:12:49.224Z",
            "groups": [],
            "user_permissions": []
        }
    },
    {
        "model": "auth.user",
        "pk": 11,
        "fields": {
            "password": "pbkdf2_sha256$320000$bTolgxM0BSbjJMd5xKN6U4$r+xSl2rD6HVi9NOZHtg0Jib5ciEbKbtGYrfGOMS8eIU=",
            "last_login": "2021-12-14T14:56:09.642Z",
            "is_superuser": false,
            "username": "miapenahu",
            "first_name": "",
            "last_name": "",
            "email": "miapenahu@unal.edu.co",
            "is_staff": false,
            "is_active": true,
            "date_joined": "2021-12-13T12:46:15.571Z",
            "groups": [],
            "user_permissions": []
        }
    },
    {
        "model": "auth.user",
        "pk": 13,
        "fields": {
            "password": "Abcd1234",
            "last_login": null,
            "is_superuser": false,
            "username": "test1",
            "first_name": "",
            "last_name": "",
            "email": "miph098@gmail.com",
            "is_staff": false,
            "is_active": true,
            "date_joined": "2021-12-14T14:04:37.470Z",
            "groups": [],
            "user_permissions": []
        }
    },
    {
        "model": "contenttypes.contenttype",
        "pk": 1,
        "fields": {
            "app_label": "admin",
            "model": "logentry"
        }
    },
    {
        "model": "contenttypes.contenttype",
        "pk": 2,
        "fields": {
            "app_label": "auth",
            "model": "permission"
        }
    },
    {
        "model": "contenttypes.contenttype",
        "pk": 3,
        "fields": {
            "app_label": "auth",
            "model": "group"
        }
    },
    {
        "model": "contenttypes.contenttype",
        "pk": 4,
        "fields": {
            "app_label": "auth",
            "model": "user"
        }
    },
    {
        "model": "contenttypes.contenttype",
        "pk": 5,
        "fields": {
            "app_label": "contenttypes",
            "model": "contenttype"
        }
    },
    {
        "model": "contenttypes.contenttype",
        "pk": 6,
        "fields": {
            "app_label": "sessions",
            "model": "session"
        }
    },
    {
        "model": "contenttypes.contenttype",
        "pk": 7,
        "fields": {
            "app_label": "Rockola",
            "model": "cancion"
        }
    },
    {
        "model": "contenttypes.contenttype",
        "pk": 8,
        "fields": {
            "app_label": "Rockola",
            "model": "curso"
        }
    },
    {
        "model": "contenttypes.contenttype",
        "pk": 9,
        "fields": {
            "app_label": "Rockola",
            "model": "lista"
        }
    },
    {
        "model": "contenttypes.contenttype",
        "pk": 10,
        "fields": {
            "app_label": "Rockola",
            "model": "playlist"
        }
    },
    {
        "model": "contenttypes.contenttype",
        "pk": 11,
        "fields": {
            "app_label": "Rockola",
            "model": "usuario"
        }
    },
    {
        "model": "contenttypes.contenttype",
        "pk": 12,
        "fields": {
            "app_label": "Rockola",
            "model": "rockola"
        }
    },
    {
        "model": "sessions.session",
        "pk": "1v1pj91h3gd6ltiu0euonhvrsw7p2hpw",
        "fields": {
            "session_data": ".eJxVjDsOwjAQBe_iGlmsf2Qp6XMGy7u2cQDZUpxUiLuTSCmgfTPz3sKHdSl-7Wn2UxRXASBOvyMFfqa6k_gI9d4kt7rME8ldkQftcmwxvW6H-3dQQi9bnUFfLDMpRlYhI0ZnNGjK1qDOaLTb6GCcNjZmlYAR3UCJzi4wWCbx-QIJjzhC:1mwkzC:q8_l6c-CmgnFDgrUklUp2WN5_xqLlLs9hxS6wwSeUck",
            "expire_date": "2021-12-27T13:03:22.764Z"
        }
    },
    {
        "model": "sessions.session",
        "pk": "8l5rzrp1letlxa2otqxpina5kst843py",
        "fields": {
            "session_data": ".eJxVjDsOwjAQBe_iGlmsf2Qp6XMGy7u2cQDZUpxUiLuTSCmgfTPz3sKHdSl-7Wn2UxRXASBOvyMFfqa6k_gI9d4kt7rME8ldkQftcmwxvW6H-3dQQi9bnUFfLDMpRlYhI0ZnNGjK1qDOaLTb6GCcNjZmlYAR3UCJzi4wWCbx-QIJjzhC:1mx9Du:0hfnsy9tE5FHMlsaeq_amOz6wif2UqXE_HL_TZG4zUI",
            "expire_date": "2021-12-28T14:56:10.617Z"
        }
    },
    {
        "model": "sessions.session",
        "pk": "zi0t58r68plnsnft3re86uvtemdcn9wc",
        "fields": {
            "session_data": ".eJxVjEEOwiAQRe_C2hBGCgWX7j0DYWZAqgaS0q6Md7dNutDte-__twhxXUpYe5rDxOIiQJx-GUZ6proLfsR6b5JaXeYJ5Z7Iw3Z5a5xe16P9Oyixl21tIijrldVI1qFntpASDBbYm5woO5NdVmYEtnljWQ-ox7MnpAiAROLzBeMvOGg:1mWMOT:3TcodeLZNNIJ2QdCrfgwqDUqM-Exo60e0ZxxQhJi60M",
            "expire_date": "2021-10-15T17:32:21.619Z"
        }
    },
    {
        "model": "Rockola.cancion",
        "pk": 1,
        "fields": {
            "nombre": "Livin' On A Prayer",
            "fuente": "YBdyc1WDlBQ",
            "esKaraoke": false,
            "artista": "Bon Jovi",
            "fechaPublicacion": null,
            "genero": "",
            "duracion": null,
            "letras": ""
        }
    },
    {
        "model": "Rockola.cancion",
        "pk": 2,
        "fields": {
            "nombre": "Smells Like Teen Spirit",
            "fuente": "JirXTmnItd4",
            "esKaraoke": false,
            "artista": "Nirvana",
            "fechaPublicacion": null,
            "genero": "",
            "duracion": null,
            "letras": ""
        }
    },
    {
        "model": "Rockola.cancion",
        "pk": 3,
        "fields": {
            "nombre": "Sweet Child O' Mine",
            "fuente": "oMfMUfgjiLg",
            "esKaraoke": false,
            "artista": "Guns N' Roses",
            "fechaPublicacion": null,
            "genero": "",
            "duracion": null,
            "letras": ""
        }
    },
    {
        "model": "Rockola.cancion",
        "pk": 4,
        "fields": {
            "nombre": "Black Hole Sun",
            "fuente": "E5HLS_8Dw7Q",
            "esKaraoke": false,
            "artista": "Soundgarden",
            "fechaPublicacion": null,
            "genero": "",
            "duracion": null,
            "letras": ""
        }
    },
    {
        "model": "Rockola.cancion",
        "pk": 5,
        "fields": {
            "nombre": "Sultans Of Swing",
            "fuente": "cF3OWCYLLVQ",
            "esKaraoke": false,
            "artista": "Dire Straits",
            "fechaPublicacion": null,
            "genero": "",
            "duracion": null,
            "letras": ""
        }
    },
    {
        "model": "Rockola.cancion",
        "pk": 6,
        "fields": {
            "nombre": "November Rain",
            "fuente": "y6lfK3bH4z8",
            "esKaraoke": false,
            "artista": "Guns N' Roses",
            "fechaPublicacion": null,
            "genero": "",
            "duracion": null,
            "letras": ""
        }
    },
    {
        "model": "Rockola.cancion",
        "pk": 7,
        "fields": {
            "nombre": "It's My Life",
            "fuente": "B4KCdo4NYI4",
            "esKaraoke": false,
            "artista": "Bon Jovi",
            "fechaPublicacion": null,
            "genero": "",
            "duracion": null,
            "letras": ""
        }
    },
    {
        "model": "Rockola.cancion",
        "pk": 8,
        "fields": {
            "nombre": "Always",
            "fuente": "p__81XMLRvA",
            "esKaraoke": false,
            "artista": "Bon Jovi",
            "fechaPublicacion": null,
            "genero": "",
            "duracion": null,
            "letras": ""
        }
    },
    {
        "model": "Rockola.cancion",
        "pk": 9,
        "fields": {
            "nombre": "You Give Love A Bad Name",
            "fuente": "Aqc3VTpz9HQ",
            "esKaraoke": false,
            "artista": "Bon Jovi",
            "fechaPublicacion": null,
            "genero": "",
            "duracion": null,
            "letras": ""
        }
    },
    {
        "model": "Rockola.cancion",
        "pk": 10,
        "fields": {
            "nombre": "Bed Of Roses",
            "fuente": "ZYc1jps3JWI",
            "esKaraoke": false,
            "artista": "Bon Jovi",
            "fechaPublicacion": null,
            "genero": "",
            "duracion": null,
            "letras": ""
        }
    },
    {
        "model": "Rockola.cancion",
        "pk": 11,
        "fields": {
            "nombre": "I'll Be There For You",
            "fuente": "fhnfcHSPrfw",
            "esKaraoke": false,
            "artista": "Bon Jovi",
            "fechaPublicacion": null,
            "genero": "",
            "duracion": null,
            "letras": ""
        }
    },
    {
        "model": "Rockola.cancion",
        "pk": 12,
        "fields": {
            "nombre": "Wanted Dead Or Alive",
            "fuente": "ErFuLCwl4Eg",
            "esKaraoke": false,
            "artista": "Bon Jovi",
            "fechaPublicacion": null,
            "genero": "",
            "duracion": null,
            "letras": ""
        }
    },
    {
        "model": "Rockola.cancion",
        "pk": 13,
        "fields": {
            "nombre": "Under The Bridge",
            "fuente": "N7ZyzCNeFKY",
            "esKaraoke": false,
            "artista": "Red Hot Chili Peppers",
            "fechaPublicacion": null,
            "genero": "",
            "duracion": null,
            "letras": ""
        }
    },
    {
        "model": "Rockola.cancion",
        "pk": 14,
        "fields": {
            "nombre": "Californication",
            "fuente": "6L0LIo35sF4",
            "esKaraoke": false,
            "artista": "Red Hot Chili Peppers",
            "fechaPublicacion": null,
            "genero": "",
            "duracion": null,
            "letras": ""
        }
    },
    {
        "model": "Rockola.cancion",
        "pk": 15,
        "fields": {
            "nombre": "Don't Forget Me",
            "fuente": "SnQ0E-UVt1g",
            "esKaraoke": false,
            "artista": "Red Hot Chili Peppers",
            "fechaPublicacion": null,
            "genero": "",
            "duracion": null,
            "letras": ""
        }
    },
    {
        "model": "Rockola.cancion",
        "pk": 16,
        "fields": {
            "nombre": "Snow",
            "fuente": "s6GIT4RhFv0",
            "esKaraoke": false,
            "artista": "Red Hot Chili Peppers",
            "fechaPublicacion": null,
            "genero": "",
            "duracion": null,
            "letras": ""
        }
    },
    {
        "model": "Rockola.cancion",
        "pk": 17,
        "fields": {
            "nombre": "The Adventures of Rain Dance Maggie",
            "fuente": "DowAWZgDO8c",
            "esKaraoke": false,
            "artista": "Red Hot Chili Peppers",
            "fechaPublicacion": null,
            "genero": "",
            "duracion": null,
            "letras": ""
        }
    },
    {
        "model": "Rockola.cancion",
        "pk": 18,
        "fields": {
            "nombre": "Dark Necessities",
            "fuente": "ZICUilv4KF0",
            "esKaraoke": false,
            "artista": "Red Hot Chili Peppers",
            "fechaPublicacion": null,
            "genero": "",
            "duracion": null,
            "letras": ""
        }
    },
    {
        "model": "Rockola.cancion",
        "pk": 19,
        "fields": {
            "nombre": "Go Robot",
            "fuente": "NlC65820F2I",
            "esKaraoke": false,
            "artista": "Red Hot Chili Peppers",
            "fechaPublicacion": null,
            "genero": "",
            "duracion": null,
            "letras": ""
        }
    },
    {
        "model": "Rockola.cancion",
        "pk": 20,
        "fields": {
            "nombre": "I Don't Want to Miss a Thing",
            "fuente": "lj27-JB2qKY",
            "esKaraoke": false,
            "artista": "Aerosmith",
            "fechaPublicacion": null,
            "genero": "",
            "duracion": null,
            "letras": ""
        }
    },
    {
        "model": "Rockola.cancion",
        "pk": 21,
        "fields": {
            "nombre": "Dream On",
            "fuente": "iynaKMgOiGQ",
            "esKaraoke": false,
            "artista": "Aerosmith",
            "fechaPublicacion": null,
            "genero": "",
            "duracion": null,
            "letras": ""
        }
    },
    {
        "model": "Rockola.cancion",
        "pk": 22,
        "fields": {
            "nombre": "Crazy",
            "fuente": "bMG0hU9GYiY",
            "esKaraoke": false,
            "artista": "Aerosmith",
            "fechaPublicacion": null,
            "genero": "",
            "duracion": null,
            "letras": ""
        }
    },
    {
        "model": "Rockola.cancion",
        "pk": 23,
        "fields": {
            "nombre": "Hole In My Soul",
            "fuente": "1nFUSZZOvEM",
            "esKaraoke": false,
            "artista": "Aerosmith",
            "fechaPublicacion": null,
            "genero": "",
            "duracion": null,
            "letras": ""
        }
    },
    {
        "model": "Rockola.cancion",
        "pk": 24,
        "fields": {
            "nombre": "Sweet Emotion",
            "fuente": "wwKwoU9cQ_o",
            "esKaraoke": false,
            "artista": "Aerosmith",
            "fechaPublicacion": null,
            "genero": "",
            "duracion": null,
            "letras": ""
        }
    },
    {
        "model": "Rockola.cancion",
        "pk": 25,
        "fields": {
            "nombre": "Fly Away From Here",
            "fuente": "ftMtABwVu4Q",
            "esKaraoke": false,
            "artista": "Aerosmith",
            "fechaPublicacion": null,
            "genero": "",
            "duracion": null,
            "letras": ""
        }
    },
    {
        "model": "Rockola.cancion",
        "pk": 26,
        "fields": {
            "nombre": "Angel",
            "fuente": "vX9KW-8fLCQ",
            "esKaraoke": false,
            "artista": "Aerosmith",
            "fechaPublicacion": null,
            "genero": "",
            "duracion": null,
            "letras": ""
        }
    },
    {
        "model": "Rockola.cancion",
        "pk": 27,
        "fields": {
            "nombre": "Thunderstruck",
            "fuente": "J1LaUaZm_nQ",
            "esKaraoke": false,
            "artista": "AC/DC",
            "fechaPublicacion": null,
            "genero": "",
            "duracion": null,
            "letras": ""
        }
    },
    {
        "model": "Rockola.cancion",
        "pk": 28,
        "fields": {
            "nombre": "Shoot To Thrill",
            "fuente": "Cmah-k8fv50",
            "esKaraoke": false,
            "artista": "AC/DC",
            "fechaPublicacion": null,
            "genero": "",
            "duracion": null,
            "letras": ""
        }
    },
    {
        "model": "Rockola.cancion",
        "pk": 29,
        "fields": {
            "nombre": "Big Gun",
            "fuente": "u9wyBRlg-Jk",
            "esKaraoke": false,
            "artista": "AC/DC",
            "fechaPublicacion": null,
            "genero": "",
            "duracion": null,
            "letras": ""
        }
    },
    {
        "model": "Rockola.cancion",
        "pk": 30,
        "fields": {
            "nombre": "Fire Your Guns",
            "fuente": "Ox7UkxBVXBs",
            "esKaraoke": false,
            "artista": "AC/DC",
            "fechaPublicacion": null,
            "genero": "",
            "duracion": null,
            "letras": ""
        }
    },
    {
        "model": "Rockola.cancion",
        "pk": 31,
        "fields": {
            "nombre": "You Shook Me All Night Long",
            "fuente": "SP9t2Iq_zQ8",
            "esKaraoke": false,
            "artista": "AC/DC",
            "fechaPublicacion": null,
            "genero": "",
            "duracion": null,
            "letras": ""
        }
    },
    {
        "model": "Rockola.cancion",
        "pk": 32,
        "fields": {
            "nombre": "Heatseeker",
            "fuente": "nk1TIYpJ8lw",
            "esKaraoke": false,
            "artista": "AC/DC",
            "fechaPublicacion": null,
            "genero": "",
            "duracion": null,
            "letras": ""
        }
    },
    {
        "model": "Rockola.cancion",
        "pk": 33,
        "fields": {
            "nombre": "Highway to Hell",
            "fuente": "ikFFVfObwss",
            "esKaraoke": false,
            "artista": "AC/DC",
            "fechaPublicacion": null,
            "genero": "",
            "duracion": null,
            "letras": ""
        }
    },
    {
        "model": "Rockola.cancion",
        "pk": 34,
        "fields": {
            "nombre": "Welcome To The Jungle",
            "fuente": "0CNPR2qNzxk",
            "esKaraoke": false,
            "artista": "Guns N' Roses",
            "fechaPublicacion": null,
            "genero": "",
            "duracion": null,
            "letras": ""
        }
    },
    {
        "model": "Rockola.cancion",
        "pk": 35,
        "fields": {
            "nombre": "Paradise City",
            "fuente": "PS3zuN_jrAU",
            "esKaraoke": false,
            "artista": "Guns N' Roses",
            "fechaPublicacion": null,
            "genero": "",
            "duracion": null,
            "letras": ""
        }
    },
    {
        "model": "Rockola.cancion",
        "pk": 36,
        "fields": {
            "nombre": "Don't Cry",
            "fuente": "G-oRhCHID_4",
            "esKaraoke": false,
            "artista": "Guns N' Roses",
            "fechaPublicacion": null,
            "genero": "",
            "duracion": null,
            "letras": ""
        }
    },
    {
        "model": "Rockola.cancion",
        "pk": 37,
        "fields": {
            "nombre": "Knockin' On Heaven's Door",
            "fuente": "6aCuk5miF8I",
            "esKaraoke": false,
            "artista": "Guns N' Roses",
            "fechaPublicacion": null,
            "genero": "",
            "duracion": null,
            "letras": ""
        }
    },
    {
        "model": "Rockola.cancion",
        "pk": 38,
        "fields": {
            "nombre": "You Could Be Mine",
            "fuente": "vGRcFAIN1cA",
            "esKaraoke": false,
            "artista": "Guns N' Roses",
            "fechaPublicacion": null,
            "genero": "",
            "duracion": null,
            "letras": ""
        }
    },
    {
        "model": "Rockola.lista",
        "pk": 3,
        "fields": {
            "nombre": "Bon Jovi",
            "fechaCreacion": "2021-10-01",
            "usuario": null,
            "canciones": [
                1,
                7,
                8,
                9,
                10,
                11,
                12
            ]
        }
    },
    {
        "model": "Rockola.lista",
        "pk": 4,
        "fields": {
            "nombre": "Red Hot Chili Peppers",
            "fechaCreacion": "2021-10-01",
            "usuario": null,
            "canciones": [
                13,
                14,
                15,
                16,
                17,
                18,
                19
            ]
        }
    },
    {
        "model": "Rockola.lista",
        "pk": 5,
        "fields": {
            "nombre": "Aerosmith",
            "fechaCreacion": "2021-10-01",
            "usuario": null,
            "canciones": [
                20,
                21,
                22,
                23,
                24,
                25,
                26
            ]
        }
    },
    {
        "model": "Rockola.lista",
        "pk": 6,
        "fields": {
            "nombre": "AC/DC",
            "fechaCreacion": "2021-10-01",
            "usuario": null,
            "canciones": [
                27,
                28,
                29,
                30,
                31,
                32,
                33
            ]
        }
    },
    {
        "model": "Rockola.lista",
        "pk": 7,
        "fields": {
            "nombre": "Guns N' Roses",
            "fechaCreacion": "2021-10-01",
            "usuario": null,
            "canciones": [
                3,
                6,
                34,
                35,
                36,
                37,
                38
            ]
        }
    },
    {
        "model": "Rockola.rockola",
        "pk": 1,
        "fields": {
            "nombre": "Rock",
            "usuario": null,
            "listas": [
                3,
                4,
                5,
                6,
                7
            ]
        }
    },
    {
        "model": "Rockola.playlist",
        "pk": 13,
        "fields": {
            "rockola": 1,
            "cancion": 1,
            "dateTimeAdded": "2021-10-01T17:23:46.643Z"
        }
    },
    {
        "model": "Rockola.playlist",
        "pk": 14,
        "fields": {
            "rockola": 1,
            "cancion": 14,
            "dateTimeAdded": "2021-10-01T17:23:51.092Z"
        }
    },
    {
        "model": "Rockola.playlist",
        "pk": 15,
        "fields": {
            "rockola": 1,
            "cancion": 22,
            "dateTimeAdded": "2021-10-01T17:23:59.510Z"
        }
    },
    {
        "model": "Rockola.playlist",
        "pk": 16,
        "fields": {
            "rockola": 1,
            "cancion": 27,
            "dateTimeAdded": "2021-10-01T17:24:03.057Z"
        }
    },
    {
        "model": "Rockola.playlist",
        "pk": 17,
        "fields": {
            "rockola": 1,
            "cancion": 3,
            "dateTimeAdded": "2021-10-01T17:24:06.112Z"
        }
    }
]